Workbook

Sheet Tracker
A1: S.No | B1: Topic | C1: Level | D1: Notes PDF | E1: Program Files | F1: Status | G1: Date Started | H1: Date Completed | I1: Confidence (1-5) | J1: My Notes
A2: 1 | B2: Introduction to Angular | C2: Beginner | D2: 01_Introduction_to_Angular.pdf | E2: hello-world.component.ts | F2: Not Started
A3: 2 | B3: Environment Setup and Angular CLI | C3: Beginner | D3: 02_Setup_and_Angular_CLI.pdf | E3: app.ts | F3: Not Started
A4: 3 | B4: TypeScript Essentials | C4: Beginner | D4: 03_TypeScript_Essentials.pdf | E4: types-basics.ts, classes-interfaces.ts | F4: Not Started
A5: 4 | B5: Components | C5: Beginner | D5: 04_Components.pdf | E5: profile-card.component.ts | F5: Not Started
A6: 5 | B6: Data Binding | C6: Beginner | D6: 05_Data_Binding.pdf | E6: data-binding.component.ts | F6: Not Started
A7: 6 | B7: Control Flow (@if, @for, @switch) | C7: Beginner | D7: 06_Control_Flow.pdf | E7: tea-menu.component.ts | F7: Not Started
A8: 7 | B8: Directives, Class and Style Binding | C8: Beginner | D8: 07_Directives_and_Styling.pdf | E8: dynamic-style.component.ts | F8: Not Started
A9: 8 | B9: Signals (signal, computed, effect) | C9: Beginner | D9: 08_Signals.pdf | E9: cart-signals.component.ts | F9: Not Started
A10: 9 | B10: Component Communication (input, output, model) | C10: Beginner | D10: 09_Component_Communication.pdf | E10: like-button.component.ts | F10: Not Started
A11: 10 | B11: Pipes | C11: Beginner | D11: 10_Pipes.pdf | E11: pipes-demo.component.ts | F11: Not Started
A12: 11 | B12: Services and Dependency Injection | C12: Intermediate | D12: 11_Services_and_DI.pdf | E12: cart-service.component.ts | F12: Not Started
A13: 12 | B13: Template-Driven Forms | C13: Intermediate | D13: 12_Template_Driven_Forms.pdf | E13: register-form.component.ts | F13: Not Started
... A23: 22 | B23: Custom Directives | C23: Intermediate | D23: 22_Custom_Directives.pdf | E23: highlight.directive.ts | F23: Not Started

Sheet Summary
A1: Angular - Progress Summary
A3: Level | B3: Total Topics | C3: Not Started | D3: In Progress | E3: Done | F3: % Completed
A4: Beginner | B4: =COUNTIF(Tracker!$C$2:$C$23,A4) | C4: =COUNTIFS(Tracker!$C$2:$C$23,A4,Tracker!$F$2:$F$23,"Not Started") | D4: =COUNTIFS(Tracker!$C$2:$C$23,A4,Tracker!$F$2:$F$23,"In Progress") | E4: =COUNTIFS(Tracker!$C$2:$C$23,A4,Tracker!$F$2:$F$23,"Done") | F4: =IF(B4=0,0,E4/B4)
A5: Intermediate | B5: =COUNTIF(Tracker!$C$2:$C$23,A5) | C5: =COUNTIFS(Tracker!$C$2:$C$23,A5,Tracker!$F$2:$F$23,"Not Started") | D5: =COUNTIFS(Tracker!$C$2:$C$23,A5,Tracker!$F$2:$F$23,"In Progress") | E5: =COUNTIFS(Tracker!$C$2:$C$23,A5,Tracker!$F$2:$F$23,"Done") | F5: =IF(B5=0,0,E5/B5)
A6: Advanced | B6: =COUNTIF(Tracker!$C$2:$C$23,A6) | C6: =COUNTIFS(Tracker!$C$2:$C$23,A6,Tracker!$F$2:$F$23,"Not Started") | D6: =COUNTIFS(Tracker!$C$2:$C$23,A6,Tracker!$F$2:$F$23,"In Progress") | E6: =COUNTIFS(Tracker!$C$2:$C$23,A6,Tracker!$F$2:$F$23,"Done") | F6: =IF(B6=0,0,E6/B6)
A7: Master | B7: =COUNTIF(Tracker!$C$2:$C$23,A7) | C7: =COUNTIFS(Tracker!$C$2:$C$23,A7,Tracker!$F$2:$F$23,"Not Started") | D7: =COUNTIFS(Tracker!$C$2:$C$23,A7,Tracker!$F$2:$F$23,"In Progress") | E7: =COUNTIFS(Tracker!$C$2:$C$23,A7,Tracker!$F$2:$F$23,"Done") | F7: =IF(B7=0,0,E7/B7)
A8: OVERALL | B8: =SUM(B4:B7) | C8: =SUM(C4:C7) | D8: =SUM(D4:D7) | E8: =SUM(E4:E7) | F8: =IF(B8=0,0,E8/B8)
A10: Average confidence (topics rated) | B10: =IFERROR(AVERAGE(Tracker!$I$2:$I$23),"-")
